run,stream_size,B,step_pct,step_idx,prefix_size,F_t0,N_t
0,10000,10,5,1,500,500,510
0,10000,10,10,2,1000,995,1007
0,10000,10,15,3,1500,1490,1547
0,10000,10,20,4,2000,1981,2030
0,10000,10,25,5,2500,2469,2549
0,10000,10,30,6,3000,2956,2958
0,10000,10,35,7,3500,3440,3581
0,10000,10,40,8,4000,3924,4030
0,10000,10,45,9,4500,4408,4642
0,10000,10,50,10,5000,4888,4968
0,10000,10,55,11,5500,5368,5506
0,10000,10,60,12,6000,5845,6073
0,10000,10,65,13,6500,6324,6532
0,10000,10,70,14,7000,6805,7165
0,10000,10,75,15,7500,7285,7639
0,10000,10,80,16,8000,7772,8080
0,10000,10,85,17,8500,8249,8614
0,10000,10,90,18,9000,8736,9000
0,10000,10,95,19,9500,9224,9524
0,10000,10,100,20,10000,9702,9983
1,10000,10,5,1,500,497,488
1,10000,10,10,2,1000,987,978
1,10000,10,15,3,1500,1476,1499
1,10000,10,20,4,2000,1969,1981
1,10000,10,25,5,2500,2462,2382
1,10000,10,30,6,3000,2954,2922
1,10000,10,35,7,3500,3440,3549
1,10000,10,40,8,4000,3922,3933
1,10000,10,45,9,4500,4402,4471
1,10000,10,50,10,5000,4887,5263
1,10000,10,55,11,5500,5363,5472
1,10000,10,60,12,6000,5841,5965
1,10000,10,65,13,6500,6328,6506
1,10000,10,70,14,7000,6816,7024
1,10000,10,75,15,7500,7301,7598
1,10000,10,80,16,8000,7779,8012
1,10000,10,85,17,8500,8267,8473
1,10000,10,90,18,9000,8755,8878
1,10000,10,95,19,9500,9235,9590
1,10000,10,100,20,10000,9724,10182
2,10000,10,5,1,500,499,472
2,10000,10,10,2,1000,994,947
2,10000,10,15,3,1500,1487,1424
2,10000,10,20,4,2000,1977,2023
2,10000,10,25,5,2500,2460,2525
2,10000,10,30,6,3000,2953,2958
2,10000,10,35,7,3500,3435,3457
2,10000,10,40,8,4000,3924,3933
2,10000,10,45,9,4500,4405,4259
2,10000,10,50,10,5000,4889,4848
2,10000,10,55,11,5500,5377,5420
2,10000,10,60,12,6000,5859,6016
2,10000,10,65,13,6500,6350,6677
2,10000,10,70,14,7000,6832,7077
2,10000,10,75,15,7500,7313,7533
2,10000,10,80,16,8000,7802,7972
2,10000,10,85,17,8500,8282,8337
2,10000,10,90,18,9000,8764,8786
2,10000,10,95,19,9500,9245,9339
2,10000,10,100,20,10000,9725,9999
3,10000,10,5,1,500,499,502
3,10000,10,10,2,1000,994,1004
3,10000,10,15,3,1500,1488,1499
3,10000,10,20,4,2000,1979,1914
3,10000,10,25,5,2500,2470,2424
3,10000,10,30,6,3000,2960,2905
3,10000,10,35,7,3500,3444,3223
3,10000,10,40,8,4000,3928,3686
3,10000,10,45,9,4500,4413,4030
3,10000,10,50,10,5000,4896,4471
3,10000,10,55,11,5500,5375,5381
3,10000,10,60,12,6000,5858,5804
3,10000,10,65,13,6500,6345,6376
3,10000,10,70,14,7000,6831,6792
3,10000,10,75,15,7500,7324,7338
3,10000,10,80,16,8000,7808,7783
3,10000,10,85,17,8500,8293,8200
3,10000,10,90,18,9000,8775,8701
3,10000,10,95,19,9500,9261,9235
3,10000,10,100,20,10000,9750,9842
4,10000,10,5,1,500,497,499
4,10000,10,10,2,1000,990,1012
4,10000,10,15,3,1500,1482,1494
4,10000,10,20,4,2000,1974,1967
4,10000,10,25,5,2500,2462,2561
4,10000,10,30,6,3000,2951,3177
4,10000,10,35,7,3500,3427,3686
4,10000,10,40,8,4000,3910,3980
4,10000,10,45,9,4500,4398,4642
4,10000,10,50,10,5000,4882,5263
4,10000,10,55,11,5500,5366,5467
4,10000,10,60,12,6000,5851,5993
4,10000,10,65,13,6500,6336,6505
4,10000,10,70,14,7000,6825,6953
4,10000,10,75,15,7500,7311,7402
4,10000,10,80,16,8000,7798,7771
4,10000,10,85,17,8500,8287,8393
4,10000,10,90,18,9000,8775,8836
4,10000,10,95,19,9500,9253,9289
4,10000,10,100,20,10000,9735,9968
5,10000,10,5,1,500,497,506
5,10000,10,10,2,1000,994,1023
5,10000,10,15,3,1500,1492,1570
5,10000,10,20,4,2000,1980,2098
5,10000,10,25,5,2500,2464,2585
5,10000,10,30,6,3000,2951,3092
5,10000,10,35,7,3500,3436,3428
5,10000,10,40,8,4000,3921,4083
5,10000,10,45,9,4500,4402,4395
5,10000,10,50,10,5000,4890,4968
5,10000,10,55,11,5500,5369,5406
5,10000,10,60,12,6000,5844,5970
5,10000,10,65,13,6500,6326,6313
5,10000,10,70,14,7000,6807,6814
5,10000,10,75,15,7500,7294,7365
5,10000,10,80,16,8000,7777,7879
5,10000,10,85,17,8500,8261,8335
5,10000,10,90,18,9000,8734,8774
5,10000,10,95,19,9500,9221,9350
5,10000,10,100,20,10000,9712,9824
6,10000,10,5,1,500,497,493
6,10000,10,10,2,1000,991,1018
6,10000,10,15,3,1500,1482,1534
6,10000,10,20,4,2000,1973,2016
6,10000,10,25,5,2500,2463,2549
6,10000,10,30,6,3000,2945,3013
6,10000,10,35,7,3500,3436,3517
6,10000,10,40,8,4000,3916,4138
6,10000,10,45,9,4500,4397,4553
6,10000,10,50,10,5000,4881,4968
6,10000,10,55,11,5500,5365,5252
6,10000,10,60,12,6000,5851,5776
6,10000,10,65,13,6500,6339,6185
6,10000,10,70,14,7000,6824,6697
6,10000,10,75,15,7500,7305,7238
6,10000,10,80,16,8000,7779,7634
6,10000,10,85,17,8500,8265,8117
6,10000,10,90,18,9000,8743,8684
6,10000,10,95,19,9500,9223,9088
6,10000,10,100,20,10000,9705,9622
7,10000,10,5,1,500,497,494
7,10000,10,10,2,1000,993,1040
7,10000,10,15,3,1500,1480,1538
7,10000,10,20,4,2000,1970,2030
7,10000,10,25,5,2500,2459,2650
7,10000,10,30,6,3000,2948,3155
7,10000,10,35,7,3500,3430,3549
7,10000,10,40,8,4000,3913,4259
7,10000,10,45,9,4500,4395,5105
7,10000,10,50,10,5000,4873,5450
7,10000,10,55,11,5500,5353,5566
7,10000,10,60,12,6000,5835,6001
7,10000,10,65,13,6500,6320,6433
7,10000,10,70,14,7000,6798,6837
7,10000,10,75,15,7500,7283,7228
7,10000,10,80,16,8000,7770,7807
7,10000,10,85,17,8500,8247,8349
7,10000,10,90,18,9000,8727,9023
7,10000,10,95,19,9500,9205,9454
7,10000,10,100,20,10000,9686,10055
8,10000,10,5,1,500,494,494
8,10000,10,10,2,1000,989,973
8,10000,10,15,3,1500,1483,1452
8,10000,10,20,4,2000,1972,1927
8,10000,10,25,5,2500,2459,2525
8,10000,10,30,6,3000,2947,3013
8,10000,10,35,7,3500,3440,3517
8,10000,10,40,8,4000,3927,3980
8,10000,10,45,9,4500,4418,4138
8,10000,10,50,10,5000,4907,4642
8,10000,10,55,11,5500,5383,5441
8,10000,10,60,12,6000,5871,5886
8,10000,10,65,13,6500,6353,6345
8,10000,10,70,14,7000,6835,6881
8,10000,10,75,15,7500,7311,7271
8,10000,10,80,16,8000,7792,7902
8,10000,10,85,17,8500,8274,8539
8,10000,10,90,18,9000,8756,8836
8,10000,10,95,19,9500,9243,9344
8,10000,10,100,20,10000,9724,9702
9,10000,10,5,1,500,498,501
9,10000,10,10,2,1000,994,1010
9,10000,10,15,3,1500,1486,1584
9,10000,10,20,4,2000,1975,2067
9,10000,10,25,5,2500,2466,2501
9,10000,10,30,6,3000,2957,2872
9,10000,10,35,7,3500,3434,3295
9,10000,10,40,8,4000,3924,3686
9,10000,10,45,9,4500,4405,4083
9,10000,10,50,10,5000,4892,4642
9,10000,10,55,11,5500,5373,5208
9,10000,10,60,12,6000,5850,5716
9,10000,10,65,13,6500,6327,6202
9,10000,10,70,14,7000,6812,6699
9,10000,10,75,15,7500,7296,7296
9,10000,10,80,16,8000,7776,7749
9,10000,10,85,17,8500,8248,8136
9,10000,10,90,18,9000,8733,8640
9,10000,10,95,19,9500,9219,9157
9,10000,10,100,20,10000,9709,9729
10,10000,10,5,1,500,499,501
10,10000,10,10,2,1000,992,986
10,10000,10,15,3,1500,1483,1525
10,10000,10,20,4,2000,1974,1933
10,10000,10,25,5,2500,2463,2445
10,10000,10,30,6,3000,2951,2872
10,10000,10,35,7,3500,3441,3346
10,10000,10,40,8,4000,3928,3887
10,10000,10,45,9,4500,4410,4395
10,10000,10,50,10,5000,4893,4642
10,10000,10,55,11,5500,5377,5393
10,10000,10,60,12,6000,5864,5924
10,10000,10,65,13,6500,6343,6425
10,10000,10,70,14,7000,6828,6986
10,10000,10,75,15,7500,7314,7643
10,10000,10,80,16,8000,7798,7967
10,10000,10,85,17,8500,8283,8380
10,10000,10,90,18,9000,8766,8811
10,10000,10,95,19,9500,9254,9324
10,10000,10,100,20,10000,9730,9694
11,10000,10,5,1,500,500,493
11,10000,10,10,2,1000,993,1018
11,10000,10,15,3,1500,1486,1481
11,10000,10,20,4,2000,1971,2009
11,10000,10,25,5,2500,2455,2392
11,10000,10,30,6,3000,2942,2855
11,10000,10,35,7,3500,3426,3373
11,10000,10,40,8,4000,3916,3844
11,10000,10,45,9,4500,4397,4259
11,10000,10,50,10,5000,4878,4968
11,10000,10,55,11,5500,5360,5396
11,10000,10,60,12,6000,5842,5880
11,10000,10,65,13,6500,6327,6371
11,10000,10,70,14,7000,6815,6964
11,10000,10,75,15,7500,7298,7248
11,10000,10,80,16,8000,7781,7749
11,10000,10,85,17,8500,8261,8102
11,10000,10,90,18,9000,8750,8663
11,10000,10,95,19,9500,9226,9235
11,10000,10,100,20,10000,9706,9932
12,10000,10,5,1,500,498,496
12,10000,10,10,2,1000,994,1002
12,10000,10,15,3,1500,1486,1516
12,10000,10,20,4,2000,1975,1988
12,10000,10,25,5,2500,2464,2468
12,10000,10,30,6,3000,2955,2940
12,10000,10,35,7,3500,3440,3487
12,10000,10,40,8,4000,3927,3844
12,10000,10,45,9,4500,4408,4395
12,10000,10,50,10,5000,4895,4740
12,10000,10,55,11,5500,5376,5281
12,10000,10,60,12,6000,5853,5717
12,10000,10,65,13,6500,6334,6296
12,10000,10,70,14,7000,6823,6877
12,10000,10,75,15,7500,7309,7320
12,10000,10,80,16,8000,7788,7896
12,10000,10,85,17,8500,8267,8306
12,10000,10,90,18,9000,8751,8706
12,10000,10,95,19,9500,9234,9196
12,10000,10,100,20,10000,9713,9782
13,10000,10,5,1,500,496,507
13,10000,10,10,2,1000,990,1012
13,10000,10,15,3,1500,1485,1481
13,10000,10,20,4,2000,1980,1988
13,10000,10,25,5,2500,2461,2513
13,10000,10,30,6,3000,2949,3052
13,10000,10,35,7,3500,3427,3581
13,10000,10,40,8,4000,3907,4259
13,10000,10,45,9,4500,4390,4553
13,10000,10,50,10,5000,4874,4848
13,10000,10,55,11,5500,5357,5359
13,10000,10,60,12,6000,5839,5818
13,10000,10,65,13,6500,6321,6369
13,10000,10,70,14,7000,6803,6813
13,10000,10,75,15,7500,7286,7348
13,10000,10,80,16,8000,7772,7813
13,10000,10,85,17,8500,8254,8378
13,10000,10,90,18,9000,8728,8889
13,10000,10,95,19,9500,9210,9440
13,10000,10,100,20,10000,9689,9858
14,10000,10,5,1,500,497,496
14,10000,10,10,2,1000,987,994
14,10000,10,15,3,1500,1478,1507
14,10000,10,20,4,2000,1960,1947
14,10000,10,25,5,2500,2438,2382
14,10000,10,30,6,3000,2929,2855
14,10000,10,35,7,3500,3419,3428
14,10000,10,40,8,4000,3899,3933
14,10000,10,45,9,4500,4387,4325
14,10000,10,50,10,5000,4865,4848
14,10000,10,55,11,5500,5345,5431
14,10000,10,60,12,6000,5832,6038
14,10000,10,65,13,6500,6317,6457
14,10000,10,70,14,7000,6800,6823
14,10000,10,75,15,7500,7288,7307
14,10000,10,80,16,8000,7768,7780
14,10000,10,85,17,8500,8251,8276
14,10000,10,90,18,9000,8738,8867
14,10000,10,95,19,9500,9222,9279
14,10000,10,100,20,10000,9701,9895
15,10000,10,5,1,500,497,483
15,10000,10,10,2,1000,990,955
15,10000,10,15,3,1500,1483,1444
15,10000,10,20,4,2000,1972,1888
15,10000,10,25,5,2500,2459,2313
15,10000,10,30,6,3000,2946,2808
15,10000,10,35,7,3500,3430,3320
15,10000,10,40,8,4000,3923,3762
15,10000,10,45,9,4500,4405,3933
15,10000,10,50,10,5000,4891,4471
15,10000,10,55,11,5500,5371,5470
15,10000,10,60,12,6000,5850,5893
15,10000,10,65,13,6500,6333,6484
15,10000,10,70,14,7000,6813,7018
15,10000,10,75,15,7500,7303,7600
15,10000,10,80,16,8000,7780,8124
15,10000,10,85,17,8500,8255,8366
15,10000,10,90,18,9000,8735,8946
15,10000,10,95,19,9500,9219,9358
15,10000,10,100,20,10000,9707,9904
16,10000,10,5,1,500,500,484
16,10000,10,10,2,1000,995,973
16,10000,10,15,3,1500,1484,1465
16,10000,10,20,4,2000,1967,1988
16,10000,10,25,5,2500,2458,2456
16,10000,10,30,6,3000,2940,2976
16,10000,10,35,7,3500,3433,3650
16,10000,10,40,8,4000,3918,4138
16,10000,10,45,9,4500,4402,4740
16,10000,10,50,10,5000,4880,5105
16,10000,10,55,11,5500,5363,5208
16,10000,10,60,12,6000,5849,5784
16,10000,10,65,13,6500,6330,6225
16,10000,10,70,14,7000,6810,6659
16,10000,10,75,15,7500,7296,7202
16,10000,10,80,16,8000,7780,7480
16,10000,10,85,17,8500,8266,7969
16,10000,10,90,18,9000,8745,8448
16,10000,10,95,19,9500,9228,8893
16,10000,10,100,20,10000,9707,9421
17,10000,10,5,1,500,499,489
17,10000,10,10,2,1000,995,986
17,10000,10,15,3,1500,1489,1481
17,10000,10,20,4,2000,1979,2016
17,10000,10,25,5,2500,2465,2490
17,10000,10,30,6,3000,2952,3032
17,10000,10,35,7,3500,3436,3517
17,10000,10,40,8,4000,3914,3980
17,10000,10,45,9,4500,4401,4848
17,10000,10,50,10,5000,4877,5263
17,10000,10,55,11,5500,5358,5495
17,10000,10,60,12,6000,5843,6017
17,10000,10,65,13,6500,6324,6607
17,10000,10,70,14,7000,6809,7108
17,10000,10,75,15,7500,7296,7639
17,10000,10,80,16,8000,7776,8032
17,10000,10,85,17,8500,8255,8680
17,10000,10,90,18,9000,8738,9036
17,10000,10,95,19,9500,9222,9514
17,10000,10,100,20,10000,9704,10025
18,10000,10,5,1,500,497,507
18,10000,10,10,2,1000,993,988
18,10000,10,15,3,1500,1487,1503
18,10000,10,20,4,2000,1979,1933
18,10000,10,25,5,2500,2468,2413
18,10000,10,30,6,3000,2958,3013
18,10000,10,35,7,3500,3441,3650
18,10000,10,40,8,4000,3930,4030
18,10000,10,45,9,4500,4410,4197
18,10000,10,50,10,5000,4895,4553
18,10000,10,55,11,5500,5374,5320
18,10000,10,60,12,6000,5857,5755
18,10000,10,65,13,6500,6341,6166
18,10000,10,70,14,7000,6823,6631
18,10000,10,75,15,7500,7307,7088
18,10000,10,80,16,8000,7794,7535
18,10000,10,85,17,8500,8278,8143
18,10000,10,90,18,9000,8762,8592
18,10000,10,95,19,9500,9239,8995
18,10000,10,100,20,10000,9719,9465
19,10000,10,5,1,500,499,512
19,10000,10,10,2,1000,995,978
19,10000,10,15,3,1500,1489,1520
19,10000,10,20,4,2000,1981,2060
19,10000,10,25,5,2500,2473,2501
19,10000,10,30,6,3000,2962,2922
19,10000,10,35,7,3500,3442,3400
19,10000,10,40,8,4000,3928,3887
19,10000,10,45,9,4500,4417,4553
19,10000,10,50,10,5000,4904,5105
19,10000,10,55,11,5500,5384,5420
19,10000,10,60,12,6000,5867,5889
19,10000,10,65,13,6500,6351,6428
19,10000,10,70,14,7000,6840,6728
19,10000,10,75,15,7500,7328,7325
19,10000,10,80,16,8000,7812,7823
19,10000,10,85,17,8500,8294,8176
19,10000,10,90,18,9000,8779,8695
19,10000,10,95,19,9500,9266,9384
19,10000,10,100,20,10000,9753,9967
0,50000,10,5,1,2500,2470,2468
0,50000,10,10,2,5000,4898,5210
0,50000,10,15,3,7500,7322,7855
0,50000,10,20,4,10000,9731,10335
0,50000,10,25,5,12500,12153,12833
0,50000,10,30,6,15000,14551,15351
0,50000,10,35,7,17500,16965,17525
0,50000,10,40,8,20000,19376,20095
0,50000,10,45,9,22500,21783,22551
0,50000,10,50,10,25000,24191,25086
0,50000,10,55,11,27500,26581,27646
0,50000,10,60,12,30000,28979,30353
0,50000,10,65,13,32500,31361,32740
0,50000,10,70,14,35000,33768,35747
0,50000,10,75,15,37500,36165,38172
0,50000,10,80,16,40000,38558,40030
0,50000,10,85,17,42500,40946,42551
0,50000,10,90,18,45000,43352,44185
0,50000,10,95,19,47500,45746,46918
0,50000,10,100,20,50000,48141,48994
1,50000,10,5,1,2500,2463,2435
1,50000,10,10,2,5000,4897,5105
1,50000,10,15,3,7500,7307,7492
1,50000,10,20,4,10000,9698,10029
1,50000,10,25,5,12500,12105,12039
1,50000,10,30,6,15000,14508,14287
1,50000,10,35,7,17500,16912,16692
1,50000,10,40,8,20000,19304,19027
1,50000,10,45,9,22500,21700,20832
1,50000,10,50,10,25000,24102,23186
1,50000,10,55,11,27500,26498,25017
1,50000,10,60,12,30000,28905,27315
1,50000,10,65,13,32500,31292,29367
1,50000,10,70,14,35000,33687,31804
1,50000,10,75,15,37500,36100,34265
1,50000,10,80,16,40000,38504,36322
1,50000,10,85,17,42500,40903,38809
1,50000,10,90,18,45000,43303,41108
1,50000,10,95,19,47500,45681,43504
1,50000,10,100,20,50000,48070,45810
2,50000,10,5,1,2500,2460,2435
2,50000,10,10,2,5000,4894,4848
2,50000,10,15,3,7500,7292,6828
2,50000,10,20,4,10000,9712,8961
2,50000,10,25,5,12500,12111,11164
2,50000,10,30,6,15000,14505,13579
2,50000,10,35,7,17500,16903,15606
2,50000,10,40,8,20000,19297,17702
2,50000,10,45,9,22500,21685,19862
2,50000,10,50,10,25000,24084,21844
2,50000,10,55,11,27500,26476,24093
2,50000,10,60,12,30000,28883,26804
2,50000,10,65,13,32500,31266,29371
2,50000,10,70,14,35000,33667,32036
2,50000,10,75,15,37500,36062,34309
2,50000,10,80,16,40000,38458,36149
2,50000,10,85,17,42500,40848,37838
2,50000,10,90,18,45000,43219,40648
2,50000,10,95,19,47500,45607,43452
2,50000,10,100,20,50000,47989,45734
3,50000,10,5,1,2500,2457,2490
3,50000,10,10,2,5000,4888,4553
3,50000,10,15,3,7500,7295,6644
3,50000,10,20,4,10000,9709,9051
3,50000,10,25,5,12500,12122,11204
3,50000,10,30,6,15000,14551,13626
3,50000,10,35,7,17500,16946,15973
3,50000,10,40,8,20000,19353,17918
3,50000,10,45,9,22500,21742,20209
3,50000,10,50,10,25000,24153,23160
3,50000,10,55,11,27500,26544,26346
3,50000,10,60,12,30000,28930,28724
3,50000,10,65,13,32500,31311,30640
3,50000,10,70,14,35000,33716,33227
3,50000,10,75,15,37500,36114,35069
3,50000,10,80,16,40000,38515,36887
3,50000,10,85,17,42500,40907,39516
3,50000,10,90,18,45000,43324,41095
3,50000,10,95,19,47500,45703,43363
3,50000,10,100,20,50000,48073,45867
4,50000,10,5,1,2500,2471,2445
4,50000,10,10,2,5000,4912,5146
4,50000,10,15,3,7500,7334,7557
4,50000,10,20,4,10000,9752,9573
4,50000,10,25,5,12500,12175,11640
4,50000,10,30,6,15000,14598,14012
4,50000,10,35,7,17500,16999,16435
4,50000,10,40,8,20000,19381,18985
4,50000,10,45,9,22500,21767,20710
4,50000,10,50,10,25000,24164,22785
4,50000,10,55,11,27500,26557,24701
4,50000,10,60,12,30000,28952,27127
4,50000,10,65,13,32500,31347,29532
4,50000,10,70,14,35000,33745,31720
4,50000,10,75,15,37500,36140,33933
4,50000,10,80,16,40000,38531,36535
4,50000,10,85,17,42500,40937,38586
4,50000,10,90,18,45000,43318,40875
4,50000,10,95,19,47500,45716,42848
4,50000,10,100,20,50000,48092,44887
5,50000,10,5,1,2500,2466,2372
5,50000,10,10,2,5000,4896,4642
5,50000,10,15,3,7500,7307,7171
5,50000,10,20,4,10000,9722,9660
5,50000,10,25,5,12500,12139,11914
5,50000,10,30,6,15000,14537,15016
5,50000,10,35,7,17500,16943,17400
5,50000,10,40,8,20000,19363,20257
5,50000,10,45,9,22500,21754,22862
5,50000,10,50,10,25000,24167,25202
5,50000,10,55,11,27500,26547,27109
5,50000,10,60,12,30000,28946,29362
5,50000,10,65,13,32500,31330,31459
5,50000,10,70,14,35000,33720,33898
5,50000,10,75,15,37500,36106,35736
5,50000,10,80,16,40000,38495,37729
5,50000,10,85,17,42500,40892,40247
5,50000,10,90,18,45000,43278,42518
5,50000,10,95,19,47500,45679,45006
5,50000,10,100,20,50000,48061,46888
6,50000,10,5,1,2500,2453,2479
6,50000,10,10,2,5000,4875,4642
6,50000,10,15,3,7500,7297,7402
6,50000,10,20,4,10000,9687,9629
6,50000,10,25,5,12500,12121,11700
6,50000,10,30,6,15000,14532,14116
6,50000,10,35,7,17500,16943,16382
6,50000,10,40,8,20000,19345,18464
6,50000,10,45,9,22500,21753,20861
6,50000,10,50,10,25000,24176,23599
6,50000,10,55,11,27500,26574,25063
6,50000,10,60,12,30000,28966,27271
6,50000,10,65,13,32500,31365,29159
6,50000,10,70,14,35000,33762,31844
6,50000,10,75,15,37500,36177,34064
6,50000,10,80,16,40000,38585,36568
6,50000,10,85,17,42500,40970,39551
6,50000,10,90,18,45000,43347,42041
6,50000,10,95,19,47500,45752,45084
6,50000,10,100,20,50000,48146,47361
7,50000,10,5,1,2500,2470,2468
7,50000,10,10,2,5000,4878,5105
7,50000,10,15,3,7500,7285,6877
7,50000,10,20,4,10000,9701,9164
7,50000,10,25,5,12500,12099,11450
7,50000,10,30,6,15000,14489,14152
7,50000,10,35,7,17500,16899,16395
7,50000,10,40,8,20000,19291,18695
7,50000,10,45,9,22500,21691,21491
7,50000,10,50,10,25000,24083,23150
7,50000,10,55,11,27500,26487,25086
7,50000,10,60,12,30000,28887,26756
7,50000,10,65,13,32500,31301,29144
7,50000,10,70,14,35000,33703,31277
7,50000,10,75,15,37500,36102,34969
7,50000,10,80,16,40000,38487,37300
7,50000,10,85,17,42500,40894,40384
7,50000,10,90,18,45000,43286,42949
7,50000,10,95,19,47500,45665,44320
7,50000,10,100,20,50000,48037,46644
8,50000,10,5,1,2500,2463,2573
8,50000,10,10,2,5000,4900,5678
8,50000,10,15,3,7500,7308,7312
8,50000,10,20,4,10000,9705,9722
8,50000,10,25,5,12500,12110,12254
8,50000,10,30,6,15000,14507,14752
8,50000,10,35,7,17500,16923,17156
8,50000,10,40,8,20000,19351,19476
8,50000,10,45,9,22500,21754,21434
8,50000,10,50,10,25000,24153,23808
8,50000,10,55,11,27500,26559,26161
8,50000,10,60,12,30000,28948,28448
8,50000,10,65,13,32500,31351,31241
8,50000,10,70,14,35000,33744,33917
8,50000,10,75,15,37500,36142,35302
8,50000,10,80,16,40000,38532,37185
8,50000,10,85,17,42500,40942,39026
8,50000,10,90,18,45000,43325,40774
8,50000,10,95,19,47500,45719,43078
8,50000,10,100,20,50000,48107,45151
9,50000,10,5,1,2500,2460,2479
9,50000,10,10,2,5000,4888,4968
9,50000,10,15,3,7500,7289,7398
9,50000,10,20,4,10000,9702,9681
9,50000,10,25,5,12500,12117,12449
9,50000,10,30,6,15000,14528,15081
9,50000,10,35,7,17500,16928,17384
9,50000,10,40,8,20000,19336,19934
9,50000,10,45,9,22500,21737,22588
9,50000,10,50,10,25000,24143,25050
9,50000,10,55,11,27500,26545,26940
9,50000,10,60,12,30000,28946,29476
9,50000,10,65,13,32500,31319,31539
9,50000,10,70,14,35000,33719,33680
9,50000,10,75,15,37500,36117,36094
9,50000,10,80,16,40000,38510,39596
9,50000,10,85,17,42500,40923,42035
9,50000,10,90,18,45000,43307,44334
9,50000,10,95,19,47500,45694,46131
9,50000,10,100,20,50000,48075,47657
10,50000,10,5,1,2500,2449,2435
10,50000,10,10,2,5000,4883,4642
10,50000,10,15,3,7500,7311,7236
10,50000,10,20,4,10000,9726,9841
10,50000,10,25,5,12500,12124,12331
10,50000,10,30,6,15000,14497,14776
10,50000,10,35,7,17500,16909,17631
10,50000,10,40,8,20000,19333,20039
10,50000,10,45,9,22500,21725,22120
10,50000,10,50,10,25000,24104,24705
10,50000,10,55,11,27500,26502,26886
10,50000,10,60,12,30000,28904,29821
10,50000,10,65,13,32500,31307,32571
10,50000,10,70,14,35000,33702,35030
10,50000,10,75,15,37500,36082,37613
10,50000,10,80,16,40000,38481,39277
10,50000,10,85,17,42500,40906,41910
10,50000,10,90,18,45000,43308,44228
10,50000,10,95,19,47500,45698,46978
10,50000,10,100,20,50000,48079,49613
11,50000,10,5,1,2500,2452,2424
11,50000,10,10,2,5000,4891,4642
11,50000,10,15,3,7500,7295,7511
11,50000,10,20,4,10000,9719,9911
11,50000,10,25,5,12500,12125,11940
11,50000,10,30,6,15000,14540,14066
11,50000,10,35,7,17500,16967,16625
11,50000,10,40,8,20000,19386,18964
11,50000,10,45,9,22500,21812,21645
11,50000,10,50,10,25000,24192,23430
11,50000,10,55,11,27500,26593,25895
11,50000,10,60,12,30000,28987,28478
11,50000,10,65,13,32500,31365,30542
11,50000,10,70,14,35000,33758,32680
11,50000,10,75,15,37500,36148,34803
11,50000,10,80,16,40000,38525,37739
11,50000,10,85,17,42500,40912,40682
11,50000,10,90,18,45000,43289,42620
11,50000,10,95,19,47500,45688,44990
11,50000,10,100,20,50000,48064,46845
12,50000,10,5,1,2500,2465,2456
12,50000,10,10,2,5000,4879,4325
12,50000,10,15,3,7500,7302,7150
12,50000,10,20,4,10000,9719,9995
12,50000,10,25,5,12500,12118,12391
12,50000,10,30,6,15000,14535,14786
12,50000,10,35,7,17500,16947,17158
12,50000,10,40,8,20000,19358,19119
12,50000,10,45,9,22500,21767,21586
12,50000,10,50,10,25000,24149,24045
12,50000,10,55,11,27500,26553,27063
12,50000,10,60,12,30000,28939,29403
12,50000,10,65,13,32500,31347,31609
12,50000,10,70,14,35000,33752,33427
12,50000,10,75,15,37500,36160,34801
12,50000,10,80,16,40000,38557,37413
12,50000,10,85,17,42500,40939,40338
12,50000,10,90,18,45000,43343,43418
12,50000,10,95,19,47500,45725,46093
12,50000,10,100,20,50000,48136,48974
13,50000,10,5,1,2500,2451,2392
13,50000,10,10,2,5000,4869,4553
13,50000,10,15,3,7500,7286,7097
13,50000,10,20,4,10000,9690,9743
13,50000,10,25,5,12500,12099,12135
13,50000,10,30,6,15000,14521,14368
13,50000,10,35,7,17500,16921,17164
13,50000,10,40,8,20000,19315,19316
13,50000,10,45,9,22500,21702,21602
13,50000,10,50,10,25000,24109,23986
13,50000,10,55,11,27500,26510,25471
13,50000,10,60,12,30000,28906,28804
13,50000,10,65,13,32500,31291,31214
13,50000,10,70,14,35000,33693,34079
13,50000,10,75,15,37500,36070,36384
13,50000,10,80,16,40000,38459,38641
13,50000,10,85,17,42500,40851,40987
13,50000,10,90,18,45000,43244,44190
13,50000,10,95,19,47500,45643,46776
13,50000,10,100,20,50000,48041,50255
14,50000,10,5,1,2500,2460,2525
14,50000,10,10,2,5000,4864,5263
14,50000,10,15,3,7500,7282,7028
14,50000,10,20,4,10000,9676,9311
14,50000,10,25,5,12500,12094,11233
14,50000,10,30,6,15000,14512,13246
14,50000,10,35,7,17500,16922,15649
14,50000,10,40,8,20000,19309,18190
14,50000,10,45,9,22500,21720,20547
14,50000,10,50,10,25000,24128,23214
14,50000,10,55,11,27500,26528,26350
14,50000,10,60,12,30000,28929,28095
14,50000,10,65,13,32500,31331,30889
14,50000,10,70,14,35000,33722,33374
14,50000,10,75,15,37500,36113,35482
14,50000,10,80,16,40000,38506,37477
14,50000,10,85,17,42500,40904,39116
14,50000,10,90,18,45000,43292,41669
14,50000,10,95,19,47500,45680,43660
14,50000,10,100,20,50000,48064,45843
15,50000,10,5,1,2500,2456,2403
15,50000,10,10,2,5000,4874,4471
15,50000,10,15,3,7500,7283,7097
15,50000,10,20,4,10000,9701,9439
15,50000,10,25,5,12500,12100,11669
15,50000,10,30,6,15000,14496,14634
15,50000,10,35,7,17500,16893,16467
15,50000,10,40,8,20000,19314,19125
15,50000,10,45,9,22500,21720,21354
15,50000,10,50,10,25000,24122,23002
15,50000,10,55,11,27500,26517,25625
15,50000,10,60,12,30000,28906,27750
15,50000,10,65,13,32500,31314,30037
15,50000,10,70,14,35000,33721,32682
15,50000,10,75,15,37500,36110,35092
15,50000,10,80,16,40000,38513,37997
15,50000,10,85,17,42500,40914,40439
15,50000,10,90,18,45000,43284,43133
15,50000,10,95,19,47500,45681,44991
15,50000,10,100,20,50000,48071,47278
16,50000,10,5,1,2500,2476,2479
16,50000,10,10,2,5000,4896,5678
16,50000,10,15,3,7500,7313,7190
16,50000,10,20,4,10000,9726,9395
16,50000,10,25,5,12500,12159,11962
16,50000,10,30,6,15000,14571,14329
16,50000,10,35,7,17500,16961,16884
16,50000,10,40,8,20000,19374,19293
16,50000,10,45,9,22500,21769,21850
16,50000,10,50,10,25000,24151,24269
16,50000,10,55,11,27500,26566,26517
16,50000,10,60,12,30000,28959,29019
16,50000,10,65,13,32500,31350,31175
16,50000,10,70,14,35000,33732,33597
16,50000,10,75,15,37500,36134,36496
16,50000,10,80,16,40000,38533,37936
16,50000,10,85,17,42500,40908,40898
16,50000,10,90,18,45000,43305,43030
16,50000,10,95,19,47500,45695,45766
16,50000,10,100,20,50000,48082,47611
17,50000,10,5,1,2500,2444,2352
17,50000,10,10,2,5000,4859,5450
17,50000,10,15,3,7500,7249,7035
17,50000,10,20,4,10000,9673,9294
17,50000,10,25,5,12500,12079,11981
17,50000,10,30,6,15000,14493,14806
17,50000,10,35,7,17500,16905,17069
17,50000,10,40,8,20000,19305,19489
17,50000,10,45,9,22500,21714,22021
17,50000,10,50,10,25000,24099,24005
17,50000,10,55,11,27500,26498,26662
17,50000,10,60,12,30000,28895,29212
17,50000,10,65,13,32500,31299,31338
17,50000,10,70,14,35000,33705,34506
17,50000,10,75,15,37500,36107,36355
17,50000,10,80,16,40000,38492,39185
17,50000,10,85,17,42500,40889,41981
17,50000,10,90,18,45000,43271,45029
17,50000,10,95,19,47500,45656,47233
17,50000,10,100,20,50000,48031,49279
18,50000,10,5,1,2500,2454,2456
18,50000,10,10,2,5000,4870,5973
18,50000,10,15,3,7500,7286,7017
18,50000,10,20,4,10000,9699,9446
18,50000,10,25,5,12500,12104,11832
18,50000,10,30,6,15000,14529,14262
18,50000,10,35,7,17500,16930,16875
18,50000,10,40,8,20000,19327,18752
18,50000,10,45,9,22500,21728,20276
18,50000,10,50,10,25000,24138,23037
18,50000,10,55,11,27500,26540,25022
18,50000,10,60,12,30000,28939,27986
18,50000,10,65,13,32500,31324,30740
18,50000,10,70,14,35000,33718,32927
18,50000,10,75,15,37500,36109,35601
18,50000,10,80,16,40000,38498,38747
18,50000,10,85,17,42500,40891,40683
18,50000,10,90,18,45000,43263,42528
18,50000,10,95,19,47500,45656,45461
18,50000,10,100,20,50000,48050,47843
19,50000,10,5,1,2500,2465,2362
19,50000,10,10,2,5000,4895,4197
19,50000,10,15,3,7500,7308,7318
19,50000,10,20,4,10000,9716,9687
19,50000,10,25,5,12500,12115,12209
19,50000,10,30,6,15000,14526,14305
19,50000,10,35,7,17500,16928,16462
19,50000,10,40,8,20000,19345,18696
19,50000,10,45,9,22500,21746,20739
19,50000,10,50,10,25000,24151,23508
19,50000,10,55,11,27500,26546,25673
19,50000,10,60,12,30000,28961,28106
19,50000,10,65,13,32500,31370,30310
19,50000,10,70,14,35000,33760,32483
19,50000,10,75,15,37500,36153,34693
19,50000,10,80,16,40000,38558,36968
19,50000,10,85,17,42500,40950,38474
19,50000,10,90,18,45000,43327,41269
19,50000,10,95,19,47500,45713,43902
19,50000,10,100,20,50000,48101,46451
0,100000,10,5,1,5000,4906,4968
0,100000,10,10,2,10000,9746,9668
0,100000,10,15,3,15000,14550,14506
0,100000,10,20,4,20000,19371,18981
0,100000,10,25,5,25000,24188,23406
0,100000,10,30,6,30000,29011,28146
0,100000,10,35,7,35000,33799,33535
0,100000,10,40,8,40000,38579,37495
0,100000,10,45,9,45000,43357,42854
0,100000,10,50,10,50000,48136,46143
0,100000,10,55,11,55000,52900,50786
0,100000,10,60,12,60000,57692,55852
0,100000,10,65,13,65000,62437,60633
0,100000,10,70,14,70000,67208,65297
0,100000,10,75,15,75000,71964,69774
0,100000,10,80,16,80000,76712,75055
0,100000,10,85,17,85000,81451,80602
0,100000,10,90,18,90000,86197,84902
0,100000,10,95,19,95000,90946,87714
0,100000,10,100,20,100000,95676,93272
1,100000,10,5,1,5000,4893,4740
1,100000,10,10,2,10000,9727,9688
1,100000,10,15,3,15000,14540,14739
1,100000,10,20,4,20000,19358,19176
1,100000,10,25,5,25000,24194,24367
1,100000,10,30,6,30000,28991,28999
1,100000,10,35,7,35000,33788,33217
1,100000,10,40,8,40000,38589,38812
1,100000,10,45,9,45000,43383,43131
1,100000,10,50,10,50000,48143,47223
1,100000,10,55,11,55000,52924,52628
1,100000,10,60,12,60000,57663,57008
1,100000,10,65,13,65000,62427,61454
1,100000,10,70,14,70000,67155,65771
1,100000,10,75,15,75000,71889,70288
1,100000,10,80,16,80000,76633,73530
1,100000,10,85,17,85000,81371,77945
1,100000,10,90,18,90000,86120,83717
1,100000,10,95,19,95000,90897,87922
1,100000,10,100,20,100000,95641,91807
2,100000,10,5,1,5000,4878,5105
2,100000,10,10,2,10000,9689,9763
2,100000,10,15,3,15000,14505,15099
2,100000,10,20,4,20000,19332,21291
2,100000,10,25,5,25000,24142,26216
2,100000,10,30,6,30000,28945,31616
2,100000,10,35,7,35000,33734,35652
2,100000,10,40,8,40000,38519,39573
2,100000,10,45,9,45000,43318,45109
2,100000,10,50,10,50000,48093,49860
2,100000,10,55,11,55000,52841,56032
2,100000,10,60,12,60000,57613,60055
2,100000,10,65,13,65000,62382,64253
2,100000,10,70,14,70000,67124,68894
2,100000,10,75,15,75000,71874,73674
2,100000,10,80,16,80000,76621,78538
2,100000,10,85,17,85000,81372,83297
2,100000,10,90,18,90000,86100,86800
2,100000,10,95,19,95000,90810,90537
2,100000,10,100,20,100000,95555,95593
3,100000,10,5,1,5000,4885,4968
3,100000,10,10,2,10000,9709,10206
3,100000,10,15,3,15000,14509,15025
3,100000,10,20,4,20000,19324,19631
3,100000,10,25,5,25000,24125,24735
3,100000,10,30,6,30000,28930,30182
3,100000,10,35,7,35000,33729,34891
3,100000,10,40,8,40000,38525,39532
3,100000,10,45,9,45000,43314,46202
3,100000,10,50,10,50000,48075,51438
3,100000,10,55,11,55000,52846,56150
3,100000,10,60,12,60000,57609,61525
3,100000,10,65,13,65000,62367,68239
3,100000,10,70,14,70000,67134,73158
3,100000,10,75,15,75000,71881,76131
3,100000,10,80,16,80000,76635,81768
3,100000,10,85,17,85000,81396,86006
3,100000,10,90,18,90000,86119,91612
3,100000,10,95,19,95000,90844,97734
3,100000,10,100,20,100000,95578,102307
4,100000,10,5,1,5000,4899,5157
4,100000,10,10,2,10000,9724,10017
4,100000,10,15,3,15000,14558,14531
4,100000,10,20,4,20000,19364,18497
4,100000,10,25,5,25000,24147,23783
4,100000,10,30,6,30000,28959,28784
4,100000,10,35,7,35000,33736,34376
4,100000,10,40,8,40000,38536,39215
4,100000,10,45,9,45000,43320,44096
4,100000,10,50,10,50000,48078,48321
4,100000,10,55,11,55000,52836,52526
4,100000,10,60,12,60000,57625,58743
4,100000,10,65,13,65000,62379,64921
4,100000,10,70,14,70000,67131,70116
4,100000,10,75,15,75000,71897,74187
4,100000,10,80,16,80000,76642,80610
4,100000,10,85,17,85000,81417,86915
4,100000,10,90,18,90000,86162,91776
4,100000,10,95,19,95000,90911,96430
4,100000,10,100,20,100000,95647,101314
5,100000,10,5,1,5000,4894,5263
5,100000,10,10,2,10000,9745,9910
5,100000,10,15,3,15000,14581,14463
5,100000,10,20,4,20000,19396,19437
5,100000,10,25,5,25000,24218,23908
5,100000,10,30,6,30000,29010,29223
5,100000,10,35,7,35000,33819,34561
5,100000,10,40,8,40000,38605,38466
5,100000,10,45,9,45000,43404,42426
5,100000,10,50,10,50000,48184,47852
5,100000,10,55,11,55000,52949,51914
5,100000,10,60,12,60000,57722,56292
5,100000,10,65,13,65000,62486,60765
5,100000,10,70,14,70000,67246,65117
5,100000,10,75,15,75000,71998,70353
5,100000,10,80,16,80000,76725,75646
5,100000,10,85,17,85000,81454,81406
5,100000,10,90,18,90000,86187,86286
5,100000,10,95,19,95000,90904,90377
5,100000,10,100,20,100000,95642,95591
6,100000,10,5,1,5000,4888,5263
6,100000,10,10,2,10000,9710,10038
6,100000,10,15,3,15000,14530,14962
6,100000,10,20,4,20000,19344,20280
6,100000,10,25,5,25000,24152,24502
6,100000,10,30,6,30000,28950,29354
6,100000,10,35,7,35000,33763,34060
6,100000,10,40,8,40000,38556,39842
6,100000,10,45,9,45000,43332,44351
6,100000,10,50,10,50000,48093,48974
6,100000,10,55,11,55000,52839,53879
6,100000,10,60,12,60000,57615,58764
6,100000,10,65,13,65000,62372,63884
6,100000,10,70,14,70000,67096,67592
6,100000,10,75,15,75000,71874,71386
6,100000,10,80,16,80000,76609,76297
6,100000,10,85,17,85000,81364,80467
6,100000,10,90,18,90000,86127,84520
6,100000,10,95,19,95000,90857,89266
6,100000,10,100,20,100000,95584,93846
7,100000,10,5,1,5000,4905,4471
7,100000,10,10,2,10000,9718,9912
7,100000,10,15,3,15000,14523,14798
7,100000,10,20,4,20000,19351,19684
7,100000,10,25,5,25000,24169,23806
7,100000,10,30,6,30000,28963,28587
7,100000,10,35,7,35000,33757,35072
7,100000,10,40,8,40000,38549,41101
7,100000,10,45,9,45000,43348,46405
7,100000,10,50,10,50000,48114,51925
7,100000,10,55,11,55000,52906,57207
7,100000,10,60,12,60000,57667,61953
7,100000,10,65,13,65000,62453,67303
7,100000,10,70,14,70000,67187,70609
7,100000,10,75,15,75000,71905,76151
7,100000,10,80,16,80000,76661,82984
7,100000,10,85,17,85000,81409,87764
7,100000,10,90,18,90000,86162,90930
7,100000,10,95,19,95000,90889,96859
7,100000,10,100,20,100000,95633,102621
8,100000,10,5,1,5000,4872,4471
8,100000,10,10,2,10000,9697,10186
8,100000,10,15,3,15000,14536,15023
8,100000,10,20,4,20000,19362,19681
8,100000,10,25,5,25000,24176,24945
8,100000,10,30,6,30000,28960,30056
8,100000,10,35,7,35000,33754,34567
8,100000,10,40,8,40000,38535,39459
8,100000,10,45,9,45000,43315,43964
8,100000,10,50,10,50000,48094,49774
8,100000,10,55,11,55000,52861,55457
8,100000,10,60,12,60000,57625,59890
8,100000,10,65,13,65000,62378,63758
8,100000,10,70,14,70000,67149,68444
8,100000,10,75,15,75000,71902,73024
8,100000,10,80,16,80000,76656,76980
8,100000,10,85,17,85000,81407,83049
8,100000,10,90,18,90000,86149,87077
8,100000,10,95,19,95000,90894,91317
8,100000,10,100,20,100000,95640,96990
9,100000,10,5,1,5000,4896,4968
9,100000,10,10,2,10000,9743,9586
9,100000,10,15,3,15000,14562,13992
9,100000,10,20,4,20000,19395,18918
9,100000,10,25,5,25000,24196,23627
9,100000,10,30,6,30000,29009,28977
9,100000,10,35,7,35000,33798,33621
9,100000,10,40,8,40000,38603,38613
9,100000,10,45,9,45000,43397,44195
9,100000,10,50,10,50000,48173,48942
9,100000,10,55,11,55000,52945,55098
9,100000,10,60,12,60000,57718,59697
9,100000,10,65,13,65000,62508,63414
9,100000,10,70,14,70000,67260,68731
9,100000,10,75,15,75000,72009,73065
9,100000,10,80,16,80000,76746,79998
9,100000,10,85,17,85000,81483,84180
9,100000,10,90,18,90000,86228,86590
9,100000,10,95,19,95000,90967,92526
9,100000,10,100,20,100000,95722,97706
10,100000,10,5,1,5000,4906,4740
10,100000,10,10,2,10000,9741,9624
10,100000,10,15,3,15000,14573,14124
10,100000,10,20,4,20000,19396,19822
10,100000,10,25,5,25000,24212,24471
10,100000,10,30,6,30000,28995,29897
10,100000,10,35,7,35000,33756,35736
10,100000,10,40,8,40000,38530,39681
10,100000,10,45,9,45000,43314,44327
10,100000,10,50,10,50000,48097,48782
10,100000,10,55,11,55000,52867,53696
10,100000,10,60,12,60000,57615,58410
10,100000,10,65,13,65000,62367,63145
10,100000,10,70,14,70000,67149,69148
10,100000,10,75,15,75000,71912,73794
10,100000,10,80,16,80000,76670,79871
10,100000,10,85,17,85000,81406,83133
10,100000,10,90,18,90000,86140,88901
10,100000,10,95,19,95000,90877,92017
10,100000,10,100,20,100000,95580,96369
11,100000,10,5,1,5000,4878,4968
11,100000,10,10,2,10000,9722,9633
11,100000,10,15,3,15000,14565,13780
11,100000,10,20,4,20000,19391,17877
11,100000,10,25,5,25000,24196,22343
11,100000,10,30,6,30000,28989,27501
11,100000,10,35,7,35000,33795,32815
11,100000,10,40,8,40000,38578,35999
11,100000,10,45,9,45000,43363,40235
11,100000,10,50,10,50000,48137,45010
11,100000,10,55,11,55000,52903,49126
11,100000,10,60,12,60000,57669,53285
11,100000,10,65,13,65000,62427,57681
11,100000,10,70,14,70000,67199,62216
11,100000,10,75,15,75000,71989,66843
11,100000,10,80,16,80000,76758,71682
11,100000,10,85,17,85000,81522,76934
11,100000,10,90,18,90000,86271,81517
11,100000,10,95,19,95000,91005,86094
11,100000,10,100,20,100000,95765,91118
12,100000,10,5,1,5000,4867,5145
12,100000,10,10,2,10000,9700,9868
12,100000,10,15,3,15000,14521,14849
12,100000,10,20,4,20000,19307,19402
12,100000,10,25,5,25000,24123,23936
12,100000,10,30,6,30000,28898,27909
12,100000,10,35,7,35000,33702,32036
12,100000,10,40,8,40000,38499,36564
12,100000,10,45,9,45000,43269,41164
12,100000,10,50,10,50000,48038,45752
12,100000,10,55,11,55000,52818,51059
12,100000,10,60,12,60000,57595,56201
12,100000,10,65,13,65000,62337,60575
12,100000,10,70,14,70000,67075,65821
12,100000,10,75,15,75000,71802,70413
12,100000,10,80,16,80000,76559,76063
12,100000,10,85,17,85000,81313,80051
12,100000,10,90,18,90000,86029,86111
12,100000,10,95,19,95000,90766,89848
12,100000,10,100,20,100000,95538,95995
13,100000,10,5,1,5000,4908,4642
13,100000,10,10,2,10000,9721,10459
13,100000,10,15,3,15000,14540,15596
13,100000,10,20,4,20000,19340,20636
13,100000,10,25,5,25000,24127,24940
13,100000,10,30,6,30000,28948,28895
13,100000,10,35,7,35000,33729,34326
13,100000,10,40,8,40000,38515,39433
13,100000,10,45,9,45000,43305,44670
13,100000,10,50,10,50000,48077,50206
13,100000,10,55,11,55000,52861,55115
13,100000,10,60,12,60000,57642,59574
13,100000,10,65,13,65000,62386,65579
13,100000,10,70,14,70000,67109,70138
13,100000,10,75,15,75000,71879,75447
13,100000,10,80,16,80000,76621,80099
13,100000,10,85,17,85000,81373,85387
13,100000,10,90,18,90000,86107,90295
13,100000,10,95,19,95000,90850,93773
13,100000,10,100,20,100000,95582,98355
14,100000,10,5,1,5000,4897,4553
14,100000,10,10,2,10000,9746,9758
14,100000,10,15,3,15000,14572,14925
14,100000,10,20,4,20000,19362,20576
14,100000,10,25,5,25000,24158,24935
14,100000,10,30,6,30000,28970,28864
14,100000,10,35,7,35000,33772,33783
14,100000,10,40,8,40000,38545,38984
14,100000,10,45,9,45000,43340,42907
14,100000,10,50,10,50000,48119,46930
14,100000,10,55,11,55000,52902,51145
14,100000,10,60,12,60000,57677,56129
14,100000,10,65,13,65000,62436,61331
14,100000,10,70,14,70000,67171,66270
14,100000,10,75,15,75000,71923,71421
14,100000,10,80,16,80000,76674,76947
14,100000,10,85,17,85000,81409,82735
14,100000,10,90,18,90000,86147,87023
14,100000,10,95,19,95000,90854,90962
14,100000,10,100,20,100000,95580,95492
15,100000,10,5,1,5000,4900,5450
15,100000,10,10,2,10000,9702,9743
15,100000,10,15,3,15000,14491,14195
15,100000,10,20,4,20000,19313,19599
15,100000,10,25,5,25000,24116,23739
15,100000,10,30,6,30000,28925,28599
15,100000,10,35,7,35000,33724,33227
15,100000,10,40,8,40000,38501,37051
15,100000,10,45,9,45000,43286,42361
15,100000,10,50,10,50000,48035,46602
15,100000,10,55,11,55000,52809,52180
15,100000,10,60,12,60000,57595,56648
15,100000,10,65,13,65000,62375,61752
15,100000,10,70,14,70000,67131,66704
15,100000,10,75,15,75000,71897,72005
15,100000,10,80,16,80000,76655,75902
15,100000,10,85,17,85000,81415,79315
15,100000,10,90,18,90000,86185,84597
15,100000,10,95,19,95000,90910,88874
15,100000,10,100,20,100000,95678,95491
16,100000,10,5,1,5000,4897,4325
16,100000,10,10,2,10000,9750,9625
16,100000,10,15,3,15000,14567,14075
16,100000,10,20,4,20000,19387,19316
16,100000,10,25,5,25000,24203,25083
16,100000,10,30,6,30000,28983,30044
16,100000,10,35,7,35000,33780,36113
16,100000,10,40,8,40000,38586,40398
16,100000,10,45,9,45000,43370,46531
16,100000,10,50,10,50000,48129,51624
16,100000,10,55,11,55000,52922,56172
16,100000,10,60,12,60000,57699,60426
16,100000,10,65,13,65000,62478,64544
16,100000,10,70,14,70000,67221,69727
16,100000,10,75,15,75000,71958,74204
16,100000,10,80,16,80000,76728,80494
16,100000,10,85,17,85000,81476,85772
16,100000,10,90,18,90000,86208,88965
16,100000,10,95,19,95000,90926,93720
16,100000,10,100,20,100000,95624,97680
17,100000,10,5,1,5000,4891,5105
17,100000,10,10,2,10000,9700,9570
17,100000,10,15,3,15000,14536,14486
17,100000,10,20,4,20000,19341,18855
17,100000,10,25,5,25000,24136,23856
17,100000,10,30,6,30000,28951,28175
17,100000,10,35,7,35000,33740,33839
17,100000,10,40,8,40000,38528,39098
17,100000,10,45,9,45000,43287,44627
17,100000,10,50,10,50000,48045,50048
17,100000,10,55,11,55000,52838,54836
17,100000,10,60,12,60000,57606,59384
17,100000,10,65,13,65000,62364,65081
17,100000,10,70,14,70000,67105,70618
17,100000,10,75,15,75000,71872,74476
17,100000,10,80,16,80000,76617,78079
17,100000,10,85,17,85000,81362,84053
17,100000,10,90,18,90000,86091,90037
17,100000,10,95,19,95000,90835,95440
17,100000,10,100,20,100000,95559,100023
18,100000,10,5,1,5000,4895,5105
18,100000,10,10,2,10000,9735,9412
18,100000,10,15,3,15000,14558,14165
18,100000,10,20,4,20000,19370,19402
18,100000,10,25,5,25000,24192,25436
18,100000,10,30,6,30000,28988,29488
18,100000,10,35,7,35000,33787,34213
18,100000,10,40,8,40000,38568,38522
18,100000,10,45,9,45000,43342,43160
18,100000,10,50,10,50000,48113,47652
18,100000,10,55,11,55000,52880,51679
18,100000,10,60,12,60000,57635,55645
18,100000,10,65,13,65000,62379,60030
18,100000,10,70,14,70000,67147,65047
18,100000,10,75,15,75000,71911,68703
18,100000,10,80,16,80000,76684,72857
18,100000,10,85,17,85000,81444,77582
18,100000,10,90,18,90000,86189,81675
18,100000,10,95,19,95000,90941,87306
18,100000,10,100,20,100000,95654,92919
19,100000,10,5,1,5000,4877,4740
19,100000,10,10,2,10000,9701,9455
19,100000,10,15,3,15000,14504,14434
19,100000,10,20,4,20000,19321,19919
19,100000,10,25,5,25000,24144,24341
19,100000,10,30,6,30000,28937,28802
19,100000,10,35,7,35000,33727,33157
19,100000,10,40,8,40000,38512,37912
19,100000,10,45,9,45000,43288,43745
19,100000,10,50,10,50000,48047,47962
19,100000,10,55,11,55000,52804,51491
19,100000,10,60,12,60000,57584,55150
19,100000,10,65,13,65000,62367,59407
19,100000,10,70,14,70000,67127,65105
19,100000,10,75,15,75000,71869,69325
19,100000,10,80,16,80000,76613,72790
19,100000,10,85,17,85000,81379,77573
19,100000,10,90,18,90000,86138,82834
19,100000,10,95,19,95000,90890,86645
19,100000,10,100,20,100000,95641,92211
